Number,Date,Start time,End time,Duration,rel. Duration,Project,Description,Breaks,Breaks Description,Location,Feeling
1,8/25/14,7:21 PM,9:13 PM,01:52:00,01:52:00,CS 457,,00:00:00,,"460 Lafayette Ave SE, Grand Rapids, United States",-
2,8/27/14,2:26 PM,3:43 PM,01:17:00,01:17:00,CS 457,Finished recording chapter 2,00:00:00,,,-
3,8/31/14,4:24 PM,5:16 PM,00:52:00,00:52:00,CS 457,Weekend quiz,00:00:00,,"101-199 Ryerson St SW, Grand Rapids, MI 49507",-
4,9/2/14,9:04 PM,9:22 PM,00:18:00,00:18:00,CS 457,Skimmed chapter 3,00:00:00,,,-
5,9/4/14,8:21 PM,8:49 PM,00:28:00,00:28:00,CS 457,Read chapter 7 ... Lightly,00:00:00,,,-
6,9/5/14,10:03 AM,10:37 AM,00:34:00,00:34:00,CS 457,Orientation to project 1,00:00:00,,,-
7,9/6/14,5:38 PM,9:05 PM,03:27:00,02:19:00,CS 457,Finished but did nit submit quiz,01:08:00,"6:05pm – 6:18pm Chillout and cookies and milk
7:08pm – 8:03pm Cooking","299 Logan St SE, Grand Rapids, MI 49503",-
8,9/7/14,3:30 PM,10:27 PM,06:57:00,05:23:00,CS 457,Molehill mountain progress in lab1,01:34:00,"3:53pm – 4:40pm Ate
7:46pm – 8:33pm Mcds","707 Ionia Ave SW, Grand Rapids, MI 49503",-
9,9/8/14,7:47 AM,9:50 AM,02:03:00,01:05:00,CS 457,Slight project progress,00:58:00,8:00am – 8:58am Class,,-
10,9/8/14,2:20 PM,5:00 PM,02:40:00,02:40:00,CS 457,1-4 of project done,00:00:00,,"101-199 Ryerson St SW, Grand Rapids, MI 49507",-
11,9/8/14,7:02 PM,9:42 PM,02:40:00,02:40:00,CS 457,Got through some of part 5,00:00:00,,,-
12,9/9/14,12:11 PM,1:24 PM,01:13:00,01:03:00,CS 457,Translated samples to python,00:10:00,1:00pm – 1:10pm Stuff,"9976 42nd Ave, Georgetown Township, MI 49428",-
13,9/14/14,1:00 PM,4:06 PM,03:06:00,03:06:00,CS 457,Poorly done quiz 3,00:00:00,,"460 Lafayette Ave SE, Grand Rapids, MI 49503",-
14,9/14/14,8:07 PM,8:40 PM,00:33:00,00:33:00,CS 457,Ducked around with git branches then red wine code.,00:00:00,,"460 Lafayette Ave SE, Grand Rapids, MI 49503",-
15,9/15/14,9:57 AM,10:50 AM,00:53:00,00:53:00,CS 457,Reviewed marks code lab2,00:00:00,,,-
16,9/15/14,1:26 PM,2:54 PM,01:28:00,01:28:00,CS 457,More lab2 progress,00:00:00,,"4016 Lake Michigan Dr, Allendale, MI 49401",-
17,9/15/14,6:55 PM,9:59 PM,03:04:00,03:04:00,CS 457,Progress lab 2,00:00:00,,"101-199 Ryerson St SW, Grand Rapids, MI 49507",-
18,9/16/14,11:06 AM,1:54 PM,02:48:00,02:48:00,CS 457,Might be progress on lab2,00:00:00,,"9976 42nd Ave, Georgetown Township, MI 49428",-
19,9/18/14,7:19 PM,9:23 PM,02:04:00,02:04:00,CS 457,Dead ends in lab2,00:00:00,,,-
20,9/19/14,10:07 AM,10:43 AM,00:36:00,00:36:00,CS 457,Some code progress,00:00:00,,,-
21,9/21/14,1:01 PM,8:34 PM,07:33:00,05:55:00,CS 457,Finished quiz and significant progress on lab2,01:38:00,4:00pm – 5:38pm,"460 Lafayette Ave SE, Grand Rapids, MI 49503",-
22,9/22/14,7:42 AM,8:01 AM,00:19:00,00:19:00,CS 457,Lab2 progress,00:00:00,,,-
23,9/22/14,9:27 AM,10:47 AM,01:20:00,01:20:00,CS 457,Lab 2 progress,00:00:00,,,-
24,9/22/14,1:06 PM,8:17 PM,07:11:00,06:07:00,CS 457,Lots of progress,01:04:00,"2:04pm – 2:24pm Fuck me
3:51pm – 4:35pm Dinner",,-
25,9/22/14,8:48 PM,2:44 AM,05:56:00,05:54:00,CS 457,Finished lab2,00:02:00,10:29pm – 10:31pm,"101-199 Ryerson St SW, Grand Rapids, MI 49507",-
26,9/25/14,4:35 PM,4:59 PM,00:24:00,00:24:00,CS 457,Review project,00:00:00,,"10876 Constant Dr, Allendale, MI 49401",-
27,9/28/14,9:23 PM,9:59 PM,00:36:00,00:36:00,CS 457,Quiz five,00:00:00,,"840 Buchanan Ave SW, Grand Rapids, MI 49507",-
28,9/29/14,10:19 AM,10:23 AM,00:04:00,00:04:00,CS 457,"Set yo some files, read a couple things lab3",00:00:00,,,-
29,10/2/14,6:20 PM,6:53 PM,00:33:00,00:33:00,CS 457,Project review,00:00:00,,"1859 Lake Michigan Dr NW, Grand Rapids, MI 49504",-
30,10/4/14,9:05 AM,1:29 PM,04:24:00,03:59:00,CS 457,Videos and quiz,00:25:00,10:50am – 11:15am Sandwich,"542-598 Ionia Ave SW, Grand Rapids, MI 49503",-
31,10/5/14,12:07 AM,2:23 AM,02:16:00,02:16:00,CS 457,Project familiarizing,00:00:00,,,-
32,10/5/14,3:57 PM,4:02 PM,00:05:00,00:05:00,CS 457,,00:00:00,,,-
33,10/5/14,6:02 PM,6:19 PM,00:17:00,00:17:00,CS 457,,00:00:00,,"542-598 Ionia Ave SW, Grand Rapids, MI 49503",-
34,10/6/14,2:40 PM,6:17 AM,15:37:00,13:24:00,CS 457,"Got the project as far as we could , p3",02:13:00,4:51pm – 7:04pm,"101-199 Ryerson St SW, Grand Rapids, MI 49507",-
35,10/9/14,1:47 PM,1:59 PM,00:12:00,00:12:00,CS 457,Tried to study,00:00:00,,"11234 40th Ave, Allendale, MI 49401",-
36,10/9/14,5:10 PM,7:33 PM,02:23:00,02:23:00,CS 457,Study data comm,00:00:00,,,-
37,10/17/14,10:09 AM,10:45 AM,00:36:00,00:36:00,CS 457,Looked over project,00:00:00,,"Lake Michigan Dr, Allendale, MI 49401",-
38,10/17/14,2:56 PM,4:14 PM,01:18:00,00:46:00,CS 457,Look at project,00:32:00,3:19pm – 3:51pm,"450 Lafayette Ave SE, Grand Rapids, MI 49503",-
39,10/18/14,12:59 PM,1:18 PM,00:19:00,00:19:00,CS 457,,00:00:00,,"542-598 Ionia Ave SW, Grand Rapids, MI 49503",-
40,10/18/14,2:01 PM,3:58 PM,01:57:00,01:57:00,CS 457,Added checksum to overlay project,00:00:00,,"542-598 Ionia Ave SW, Grand Rapids, MI 49503",-
41,10/19/14,6:59 PM,9:17 PM,02:18:00,02:18:00,CS 457,P4 progress,00:00:00,,"446-450 Lafayette Ave SE, Grand Rapids, MI 49503",-
42,10/20/14,10:11 AM,10:41 AM,00:30:00,00:30:00,CS 457,P4,00:00:00,,,-
43,10/20/14,1:48 PM,9:00 PM,07:12:00,05:23:00,CS 457,P4,01:49:00,"5:30pm – 6:37pm Taco bell
6:51pm – 7:33pm",,-
44,10/20/14,9:15 PM,9:58 PM,00:43:00,00:43:00,CS 457,,00:00:00,,,-
45,10/24/14,7:31 AM,7:59 AM,00:28:00,00:28:00,CS 457,Read ch20,00:00:00,,,-
46,10/24/14,9:45 AM,10:34 AM,00:49:00,00:49:00,CS 457,Confusion,00:00:00,,,-
47,10/25/14,4:22 PM,6:56 PM,02:34:00,01:42:00,CS 457,Finished quiz,00:52:00,5:04pm – 5:56pm,"101-199 Pleasant St SW, Grand Rapids, MI 49503",-
48,10/26/14,9:35 PM,10:24 PM,00:49:00,00:49:00,CS 457,I tried,00:00:00,,"629 Ionia Ave SW, Grand Rapids, MI 49503",-
49,10/27/14,7:17 AM,11:59 AM,04:42:00,02:55:00,CS 457,P4 ,01:47:00,8:41am – 10:28am,,-
50,10/27/14,1:01 PM,2:46 PM,01:45:00,01:45:00,CS 457,P4,00:00:00,,,-
51,10/27/14,3:01 PM,3:59 PM,00:58:00,00:58:00,CS 457,P4,00:00:00,,"Grand Valley State University, 4100 Lake Michigan Dr, Allendale, MI 49401",-
52,10/27/14,4:31 PM,4:33 PM,00:02:00,00:02:00,CS 457,,00:00:00,,"Grand Valley State University, 4100 Lake Michigan Dr, Allendale, MI 49401",-
53,10/27/14,6:37 PM,3:09 AM,08:32:00,08:32:00,CS 457,P4... Seriously I really spent this long,00:00:00,,"629 Ionia Ave SW, Grand Rapids, MI 49503",-
54,10/28/14,3:58 AM,5:32 AM,01:34:00,01:34:00,CS 457,I should not have stayed up this late working on p4,00:00:00,,"629 Ionia Ave SW, Grand Rapids, MI 49503",-
55,10/28/14,5:25 PM,7:46 PM,02:21:00,02:06:00,CS 457,Tried to do ttl icmp p4,00:15:00,5:59pm – 6:14pm,"Grand Valley State University, 4100 Lake Michigan Dr, Allendale, MI 49401",-
56,10/29/14,6:53 AM,10:03 AM,03:10:00,03:10:00,CS 457,P4 progress,00:00:00,,"460 Lafayette Ave SE, Grand Rapids, MI 49503",-
57,10/29/14,4:35 PM,4:39 PM,00:04:00,00:04:00,CS 457,,00:00:00,,"Grand Valley State University, 4100 Lake Michigan Dr, Allendale, MI 49401",-
58,10/29/14,4:58 PM,5:36 PM,00:38:00,00:38:00,CS 457,P4,00:00:00,,"Grand Valley State University, 4100 Lake Michigan Dr, Allendale, MI 49401",-
59,10/29/14,9:54 PM,11:05 PM,01:11:00,01:11:00,CS 457,P4,00:00:00,,,-
60,11/1/14,5:29 PM,8:58 PM,03:29:00,03:29:00,CS 457,Quiz,00:00:00,,"460 Lafayette Ave SE, Grand Rapids, MI 49503",-
61,11/2/14,2:42 PM,6:27 PM,03:45:00,03:45:00,CS 457,Lab 5 progress ,00:00:00,,"629 Ionia Ave SW, Grand Rapids, MI 49503",-
62,11/3/14,10:26 AM,10:54 AM,00:28:00,00:28:00,CS 457,P5,00:00:00,,,-
63,11/3/14,12:09 PM,2:26 PM,02:17:00,02:17:00,CS 457,P5 progress,00:00:00,,,-
64,11/4/14,5:14 AM,6:08 AM,00:54:00,00:54:00,CS 457,P5,00:00:00,,"549 Ionia Ave SW, Grand Rapids, MI 49503",-
65,11/4/14,7:26 AM,8:03 AM,00:37:00,00:37:00,CS 457,P5,00:00:00,,,-
66,11/9/14,3:28 PM,5:07 PM,01:39:00,01:06:00,CS 457,Finished quiz,00:33:00,4:09pm – 4:42pm,"542-598 Ionia Ave SW, Grand Rapids, MI 49503",-
67,11/10/14,10:34 PM,11:30 PM,00:56:00,00:56:00,CS 457,P5,00:00:00,,"460 Lafayette Ave SE, Grand Rapids, MI 49503",-
68,11/11/14,7:41 AM,8:01 AM,00:20:00,00:20:00,CS 457,,00:00:00,,,-
69,11/11/14,9:53 AM,12:00 PM,02:07:00,02:07:00,CS 457,P5,00:00:00,,,-
70,11/11/14,1:50 PM,2:17 PM,00:27:00,00:27:00,CS 457,,00:00:00,,"Grand Valley State University, Commons Dr, Allendale, MI 49401",-
71,11/11/14,3:49 PM,6:05 PM,02:16:00,02:16:00,CS 457,,00:00:00,,"Grand Valley State University, Commons Dr, Allendale, MI 49401",-
72,11/16/14,3:34 PM,4:04 PM,00:30:00,00:30:00,CS 457,Quiz,00:00:00,,"Grand Valley State University, E Ravine Center Dr, Allendale, MI 49401",-
73,11/19/14,9:30 AM,10:03 AM,00:33:00,00:33:00,CS 457,Lab6,00:00:00,,"Grand Valley State University, 4100 Lake Michigan Dr, Allendale, MI 49401",-
74,11/21/14,7:08 PM,9:37 PM,02:29:00,02:29:00,CS 457,P6,00:00:00,,"1551 Franklin St SE, Grand Rapids, MI 49506",-
75,11/22/14,7:52 PM,9:29 PM,01:37:00,01:37:00,CS 457,P6,00:00:00,,"542-598 Ionia Ave SW, Grand Rapids, MI 49503",-
76,11/22/14,9:56 PM,12:49 AM,02:53:00,02:33:00,CS 457,P6,00:20:00,"November 22, 2014, 11:59pm – November 23, 2014, 12:19am","460 Lafayette Ave SE, Grand Rapids, MI 49503",-
77,11/23/14,7:58 PM,8:38 PM,00:40:00,00:40:00,CS 457,Quiz,00:00:00,,,-
78,11/24/14,5:00 PM,6:20 PM,01:20:00,01:20:00,CS 457,P6,00:00:00,,,-
79,12/2/14,2:29 AM,9:25 AM,06:56:00,06:35:00,CS 457,Lab 6,00:21:00,3:38am – 3:59am,"Grand Valley State University, 4100 Lake Michigan Dr, Allendale, MI 49401",-
80,12/4/14,1:21 AM,1:22 AM,00:01:00,00:01:00,CS 457,,00:00:00,,"Grand Valley State University, 4100 Lake Michigan Dr, Allendale, MI 49401",-
81,12/5/14,6:19 AM,10:00 AM,03:41:00,03:41:00,CS 457,Lab6,00:00:00,,,-
82,12/7/14,8:32 PM,8:38 PM,00:06:00,00:06:00,CS 457,,00:00:00,,"650 Ionia Ave SW, Grand Rapids, MI 49503",-
83,12/7/14,10:38 PM,11:18 PM,00:40:00,00:40:00,CS 457,,00:00:00,,"800 Division Ave S, Grand Rapids, MI 49507",-
1,9/2/14,12:28 PM,2:20 PM,01:52:00,01:43:00,CS 452,Read ch 1,00:09:00,12:56pm – 1:05pm Pee & tea,"446-450 Lafayette Ave SE, Grand Rapids, MI 49503",-
2,9/2/14,2:56 PM,3:54 PM,00:58:00,00:58:00,CS 452,Hw ch 1 & 2,00:00:00,,"446-450 Lafayette Ave SE, Grand Rapids, MI 49503",-
3,9/3/14,8:57 AM,10:47 AM,01:50:00,01:41:00,CS 452,Lab progress,00:09:00,9:41am – 9:50am Chit chat,,-
4,9/3/14,11:56 AM,12:54 PM,00:58:00,00:58:00,CS 452,Some lab 1 progress,00:00:00,,,-
5,9/3/14,5:45 PM,6:07 PM,00:22:00,00:22:00,CS 452,Some lab 1,00:00:00,,"629 Ionia Ave SW, Grand Rapids, MI 49503",-
6,9/4/14,9:34 AM,9:39 AM,00:05:00,00:05:00,CS 452,Lab prep,00:00:00,,,-
7,9/10/14,11:19 AM,12:33 PM,01:14:00,01:14:00,CS 452,Hw ch13,00:00:00,,,-
8,9/10/14,1:12 PM,2:58 PM,01:46:00,01:34:00,CS 452,Finished lab report and started examining program proj,00:12:00,1:33pm – 1:45pm Chillout,"460 Lafayette Ave SE, Grand Rapids, MI 49503",-
9,9/12/14,9:58 AM,10:35 AM,00:37:00,00:37:00,CS 452,Lab 3 review,00:00:00,,"11234 40th Ave, Allendale, MI 49401",-
10,9/13/14,12:23 PM,2:30 PM,02:07:00,01:51:00,CS 452,Report progress,00:16:00,1:25pm – 1:41pm,"460 Lafayette Ave SE, Grand Rapids, MI 49503",-
11,9/15/14,2:54 PM,4:38 PM,01:44:00,01:43:00,CS 452,Progress on the lab,00:01:00,3:50pm – 3:51pm,,-
12,9/17/14,1:56 PM,2:57 PM,01:01:00,00:33:00,CS 452,Looked at Hw4,00:28:00,2:28pm – 2:56pm Shower,"50 Antoine St SW, Grand Rapids, MI 49507",-
13,9/18/14,8:50 AM,9:59 AM,01:09:00,01:09:00,CS 452,Little lab prep 3&4,00:00:00,,,-
14,9/18/14,1:12 PM,1:37 PM,00:25:00,00:25:00,CS 452,Finiahed Hw 4,00:00:00,,"4046 Lake Michigan Dr, Allendale, MI 49401",Good
15,9/24/14,9:17 AM,10:51 AM,01:34:00,01:17:00,CS 452,Lab4 progress,00:17:00,10:05am – 10:22am Open gov data sidetrack,,-
16,9/24/14,12:58 PM,3:28 PM,02:30:00,02:30:00,CS 452,Finished lab4,00:00:00,,"4100 Lake Michigan Dr, Grand Valley State University, Allendale, MI 49401",-
17,9/25/14,1:05 PM,2:00 PM,00:55:00,00:43:00,CS 452,Initial work on project 1. Read specifications and made git repository.,00:12:00,1:13pm – 1:25pm Tea,,-
18,9/27/14,12:10 PM,6:09 PM,05:59:00,04:04:00,CS 452,Figured out how to read files and made an outline for project 1,01:55:00,"12:39pm – 1:19pm Mmm
2:09pm – 2:46pm Failed customization 
4:41pm – 5:19pm Relax","456 Lafayette Ave SE, Grand Rapids, MI 49503",-
19,9/28/14,10:14 AM,1:45 PM,03:31:00,03:31:00,CS 452,Moderate progress project 1,00:00:00,,"460 Lafayette Ave SE, Grand Rapids, MI 49503",-
20,9/29/14,2:43 PM,10:00 PM,07:17:00,05:31:00,CS 452,Scrapped project 1 progress and started with a New idea.,01:46:00,"4:43pm – 5:24pm Relax
7:01pm – 8:02pm Fastfood
9:39pm – 9:43pm Cookies. Cream",,-
21,9/30/14,9:33 AM,12:37 PM,03:04:00,03:04:00,CS 452,Maybe got the pipes working,00:00:00,,"460 Lafayette Ave SE, Grand Rapids, MI 49503",-
22,9/30/14,1:43 PM,2:15 PM,00:32:00,00:32:00,CS 452,Found buffering error,00:00:00,,"11234 40th Ave, Allendale, MI 49401",-
23,9/30/14,4:46 PM,7:58 PM,03:12:00,02:01:00,CS 452,Progress p1,01:11:00,5:57pm – 7:08pm,,-
24,10/1/14,7:49 AM,8:05 AM,00:16:00,00:16:00,CS 452,Started installing signal handlers p1,00:00:00,,,-
25,10/1/14,9:15 AM,10:50 AM,01:35:00,01:35:00,CS 452,P1 progress,00:00:00,,,-
26,10/1/14,12:54 PM,11:13 PM,10:19:00,07:30:00,CS 452,"Finished p1, its not good though.",02:49:00,2:42pm – 3:31pm 4:18pm – 5:52pm 8:12pm – 8:38pm,"542-598 Ionia Ave SW, Grand Rapids, MI 49503",-
27,10/2/14,6:29 AM,7:46 AM,01:17:00,01:17:00,CS 452,Edit p1 and start lab5,00:00:00,,,-
28,10/2/14,9:38 AM,9:58 AM,00:20:00,00:20:00,CS 452,Pre demo stuff,00:00:00,,"Commons Dr, Grand Valley State University, Allendale, MI 49401",-
29,10/2/14,12:38 PM,1:26 PM,00:48:00,00:48:00,CS 452,Lab6 progress.,00:00:00,,"4100 Lake Michigan Dr, Grand Valley State University, Allendale, MI 49401",-
30,10/4/14,6:07 PM,9:23 PM,03:16:00,02:10:00,CS 452,Answered half if homework and prepped other half for offline mode.,01:06:00,"7:06pm – 8:09pm Sandwich
9:10pm – 9:13pm","542-598 Ionia Ave SW, Grand Rapids, MI 49503",-
31,10/6/14,7:40 AM,8:05 AM,00:25:00,00:25:00,CS 452,Hwch5 ,00:00:00,,,-
32,10/6/14,9:49 AM,10:31 AM,00:42:00,00:42:00,CS 452,Stared at the homework for while,00:00:00,,"4100 Lake Michigan Dr, Grand Valley State University, Allendale, MI 49401",-
33,10/8/14,10:05 AM,10:50 AM,00:45:00,00:45:00,CS 452,Lab6 project,00:00:00,,"101-199 Ryerson St SW, Grand Rapids, MI 49507",-
34,10/8/14,12:47 PM,2:32 PM,01:45:00,01:45:00,CS 452,Tried to do extra credit,00:00:00,,"11234 40th Ave, Allendale, MI 49401",-
35,10/9/14,9:31 AM,9:57 AM,00:26:00,00:26:00,CS 452,Lab 7 ,00:00:00,,"11234 40th Ave, Allendale, MI 49401",-
36,10/12/14,2:04 PM,8:27 PM,06:23:00,01:30:00,CS 452,Hw06,04:53:00,2:07pm – 2:08pm 2:16pm – 2:18pm 2:42pm – 7:32pm =(,,-
37,10/15/14,9:45 PM,10:45 PM,01:00:00,01:00:00,CS 452,Studied sample midterm questions,00:00:00,,,-
38,10/20/14,12:23 PM,12:38 PM,00:15:00,00:15:00,CS 452,Lab7 ,00:00:00,,,-
39,10/22/14,9:38 AM,10:50 AM,01:12:00,01:12:00,CS 452,lab 7 ,00:00:00,,,-
40,10/22/14,12:52 PM,1:18 PM,00:26:00,00:26:00,CS 452,Finished lab7,00:00:00,,,-
41,10/25/14,8:42 PM,9:20 PM,00:38:00,00:38:00,CS 452,Read some,00:00:00,,"301-313 Logan St SE, Grand Rapids, MI 49503",-
42,10/28/14,8:01 PM,9:32 PM,01:31:00,01:31:00,CS 452,Hw 07,00:00:00,,,-
43,10/29/14,1:08 PM,1:38 PM,00:30:00,00:30:00,CS 452,Installing visual studio,00:00:00,,"Grand Valley State University, 4100 Lake Michigan Dr, Allendale, MI 49401",-
44,10/29/14,4:31 PM,4:34 PM,00:03:00,00:03:00,CS 452,,00:00:00,,"Grand Valley State University, 4100 Lake Michigan Dr, Allendale, MI 49401",-
45,11/4/14,2:13 AM,4:01 AM,01:48:00,01:25:00,CS 452,Nearly finished lab 9,00:23:00,"2:49am – 3:08am Reddit
3:48am – 3:52am","549 Ionia Ave SW, Grand Rapids, MI 49503",-
46,11/7/14,9:38 AM,11:07 AM,01:29:00,01:04:00,CS 452,,00:25:00,9:43am – 10:08am,,-
47,11/7/14,3:39 PM,4:24 PM,00:45:00,00:45:00,CS 452,Thinking about p2,00:00:00,,"101-199 Ryerson St SW, Grand Rapids, MI 49507",-
48,11/7/14,4:54 PM,8:55 PM,04:01:00,02:49:00,CS 452,Lots of thoughts on p.2,01:12:00,5:10pm – 6:22pm,,-
49,11/8/14,12:18 PM,8:36 PM,08:18:00,03:52:00,CS 452,,04:26:00,12:55pm – 4:43pm 5:44pm – 5:54pm 8:08pm – 8:36pm,,-
50,11/8/14,10:05 PM,11:14 PM,01:09:00,01:09:00,CS 452,,00:00:00,,"460 Lafayette Ave SE, Grand Rapids, MI 49503",-
51,11/9/14,5:08 PM,9:45 PM,04:37:00,03:22:00,CS 452,Progress on p2,01:15:00,5:09pm – 5:27pm 8:20pm – 9:17pm,"542-598 Ionia Ave SW, Grand Rapids, MI 49503",-
52,11/10/14,9:08 AM,10:49 AM,01:41:00,00:45:00,CS 452,P2,00:56:00,9:15am – 9:55am 10:12am – 10:28am,,-
53,11/10/14,2:30 PM,9:56 PM,07:26:00,05:43:00,CS 452,P2 ,01:43:00,"6:00pm – 7:04pm Rest my eyes
7:14pm – 7:33pm 7:47pm – 8:07pm","460 Lafayette Ave SE, Grand Rapids, MI 49503",-
54,11/11/14,6:30 PM,8:15 PM,01:45:00,01:45:00,CS 452,Hw 8,00:00:00,,"Grand Valley State University, Commons Dr, Allendale, MI 49401",-
55,11/12/14,4:28 PM,4:29 PM,00:01:00,00:01:00,CS 452,,00:00:00,,"450 Lafayette Ave SE, Grand Rapids, MI 49503",-
56,11/12/14,4:47 PM,4:00 AM,11:13:00,11:13:00,CS 452,Done working on project 2,00:00:00,,"460 Lafayette Ave SE, Grand Rapids, MI 49503",-
57,11/16/14,5:11 PM,6:13 PM,01:02:00,01:02:00,CS 452,Some of lab11,00:00:00,,,-
58,11/17/14,9:39 AM,10:30 AM,00:51:00,00:51:00,CS 452,Lab 11,00:00:00,,"542-598 Ionia Ave SW, Grand Rapids, MI 49503",-
59,11/17/14,12:03 PM,1:38 PM,01:35:00,01:35:00,CS 452,Lab 11 progress ,00:00:00,,"542-598 Ionia Ave SW, Grand Rapids, MI 49503",-
60,11/17/14,3:16 PM,3:32 PM,00:16:00,00:16:00,CS 452,,00:00:00,,"Grand Valley State University, 4100 Lake Michigan Dr, Allendale, MI 49401",-
61,11/19/14,10:25 AM,10:48 AM,00:23:00,00:23:00,CS 452,Lab11,00:00:00,,"Grand Valley State University, 4100 Lake Michigan Dr, Allendale, MI 49401",-
62,11/19/14,1:26 PM,2:19 PM,00:53:00,00:53:00,CS 452,Lab11,00:00:00,,"Grand Valley State University, 4100 Lake Michigan Dr, Allendale, MI 49401",-
63,11/19/14,5:19 PM,5:45 PM,00:26:00,00:26:00,CS 452,Lab11,00:00:00,,"Grand Valley State University, 4100 Lake Michigan Dr, Allendale, MI 49401",-
64,11/19/14,8:18 PM,11:56 PM,03:38:00,03:38:00,CS 452,Lab11,00:00:00,,"Grand Valley State University, 4100 Lake Michigan Dr, Allendale, MI 49401",-
65,11/27/14,1:23 PM,4:10 PM,02:47:00,02:47:00,CS 452,Ws 9-11,00:00:00,,"204-298 S Valley St, West Branch, MI 48661",-
66,11/28/14,3:23 PM,5:54 PM,02:31:00,01:07:00,CS 452,Finished WS 9-11,01:24:00,4:08pm – 5:32pm,"600-698 Ionia Ave SW, Grand Rapids, MI 49503",-
1,9/11/14,1:00 PM,2:26 PM,01:26:00,00:57:00,CS 353,Hw 01,00:29:00,1:16pm – 1:45pm Trying to get into lab,"11234 40th Ave, Allendale, MI 49401",-
2,9/23/14,10:07 AM,2:20 PM,04:13:00,03:58:00,CS 353,Hw 02,00:15:00,11:27am – 11:42am Tea,"4100 Lake Michigan Dr, Grand Valley State University, Allendale, MI 49401",-
3,10/2/14,3:57 PM,5:28 PM,01:31:00,01:31:00,CS 353,Two queries and git initiation,00:00:00,,"4100 Lake Michigan Dr, Grand Valley State University, Allendale, MI 49401",-
4,10/7/14,10:41 AM,11:28 AM,00:47:00,00:47:00,CS 353,Hw3 nothing done but time spent,00:00:00,,"101-199 Ryerson St SW, Grand Rapids, MI 49507",-
5,10/12/14,10:14 AM,10:47 AM,00:33:00,00:33:00,CS 353,Make repo,00:00:00,,,-
6,10/13/14,8:18 PM,9:29 PM,01:11:00,01:11:00,CS 353,Midterm studying,00:00:00,,,-
7,10/14/14,7:42 AM,8:13 AM,00:31:00,00:31:00,CS 353,Homework review for midterm,00:00:00,,,-
8,10/14/14,11:12 AM,1:47 PM,02:35:00,01:51:00,CS 353,Studied for midterm,00:44:00,12:34pm – 1:18pm,"4100 Lake Michigan Dr, Grand Valley State University, Allendale, MI 49401",-
9,10/16/14,4:03 PM,5:34 PM,01:31:00,01:31:00,CS 353,Little bit of Hw04,00:00:00,,"Lake Michigan Dr, Allendale, MI 49401",-
10,10/18/14,11:55 AM,12:26 PM,00:31:00,00:31:00,CS 353,Hw04 revisions,00:00:00,,,-
11,10/21/14,7:11 PM,8:24 PM,01:13:00,01:13:00,CS 353,Proposal progress ,00:00:00,,"460 Lafayette Ave SE, Grand Rapids, MI 49503",-
12,10/23/14,12:09 PM,2:46 PM,02:37:00,02:37:00,CS 353,Database last minute proposal stuff,00:00:00,,"4246 Chesterfield Blvd NW, Grand Rapids, MI 49534",-
13,10/25/14,7:06 PM,7:59 PM,00:53:00,00:53:00,CS 353,Database proposal stuff.,00:00:00,,"101-199 Pleasant St SW, Grand Rapids, MI 49503",-
14,10/25/14,8:07 PM,8:26 PM,00:19:00,00:19:00,CS 353,Did an excercise from notes.,00:00:00,,,-
15,10/26/14,8:18 PM,9:33 PM,01:15:00,00:43:00,CS 353,Attempted er modeling practice,00:32:00,8:46pm – 9:18pm,"629 Ionia Ave SW, Grand Rapids, MI 49503",-
16,10/27/14,12:35 PM,12:59 PM,00:24:00,00:24:00,CS 353,Er diagram,00:00:00,,,-
17,10/30/14,2:02 PM,2:10 PM,00:08:00,00:08:00,CS 353,Hw05,00:00:00,,,-
18,11/2/14,6:44 PM,6:51 PM,00:07:00,00:07:00,CS 353,Proposal review,00:00:00,,,-
19,11/11/14,12:13 PM,1:50 PM,01:37:00,01:37:00,CS 353,Normalization Hw,00:00:00,,"Grand Valley State University, Commons Dr, Allendale, MI 49401",-
20,11/20/14,12:18 PM,1:01 PM,00:43:00,00:43:00,CS 353,Studied,00:00:00,,"718 Ionia Ave SW, Grand Rapids, MI 49503",-
21,11/29/14,2:39 PM,4:01 PM,01:22:00,01:22:00,CS 353,Finished PLH20.sql,00:00:00,,,-
22,11/29/14,5:20 PM,5:34 PM,00:14:00,00:14:00,CS 353,Really finished phl20.sql and looked at extra credit assignment before deciding g to work on anthropology,00:00:00,,"460 Lafayette Ave SE, Grand Rapids, MI 49503",-
23,11/29/14,5:36 PM,5:37 PM,00:01:00,00:01:00,CS 353,,00:00:00,,"460 Lafayette Ave SE, Grand Rapids, MI 49503",-
24,12/2/14,8:40 PM,10:18 PM,01:38:00,01:38:00,CS 353,Final project,00:00:00,,"460 Lafayette Ave SE, Grand Rapids, MI 49503",-
25,12/3/14,2:00 PM,4:10 PM,02:10:00,02:10:00,CS 353,Project,00:00:00,,"Grand Valley State University, 4100 Lake Michigan Dr, Allendale, MI 49401",-
26,12/3/14,9:44 PM,1:15 AM,03:31:00,03:31:00,CS 353,Database final project,00:00:00,,"2126 Fernwood Dr, Georgetown Township, MI 49428",-
27,12/4/14,1:20 PM,1:43 PM,00:23:00,00:23:00,CS 353,Done with extra credit,00:00:00,,"Grand Valley State University, 4100 Lake Michigan Dr, Allendale, MI 49401",-
28,12/9/14,2:08 PM,2:21 PM,00:13:00,00:13:00,CS 353,,00:00:00,,"460 Lafayette Ave SE, Grand Rapids, MI 49503",-
1,8/28/14,1:11 PM,1:50 PM,00:39:00,00:39:00,ANT 345,Read some of Intro,00:00:00,,"4048-4078 Lake Michigan Dr, Allendale, MI 49401",-
2,9/2/14,6:41 PM,7:49 PM,01:08:00,01:08:00,ANT 345,Read and noted Adam smith chapter,00:00:00,,"460 Lafayette Ave SE, Grand Rapids, MI 49503",-
3,9/17/14,4:40 PM,5:05 PM,00:25:00,00:25:00,ANT 345,Tried to read,00:00:00,,"W Campus Dr, Allendale Charter Township, MI 49401",-
4,9/24/14,3:40 PM,3:46 PM,00:06:00,00:06:00,ANT 345,Looked at readings,00:00:00,,"4100 Lake Michigan Dr, Grand Valley State University, Allendale, MI 49401",-
5,9/24/14,4:07 PM,5:27 PM,01:20:00,01:14:00,ANT 345,Read some readings,00:06:00,4:37pm – 4:43pm,,-
6,10/8/14,2:35 PM,5:26 PM,02:51:00,02:33:00,ANT 345,Read ch 11 and shock,00:18:00,3:55pm – 4:13pm,"11234 40th Ave, Allendale, MI 49401",-
7,10/11/14,4:50 PM,7:52 PM,03:02:00,00:53:00,ANT 345,Read for midterm,02:09:00,5:27pm – 7:36pm,"460 Lafayette Ave SE, Grand Rapids, MI 49503",-
8,10/12/14,11:36 AM,1:17 PM,01:41:00,01:17:00,ANT 345,Essay progress.,00:24:00,"12:29pm – 12:50pm Clean
1:01pm – 1:04pm","460 Lafayette Ave SE, Grand Rapids, MI 49503",-
9,10/14/14,8:23 PM,9:05 PM,00:42:00,00:42:00,ANT 345,Read some,00:00:00,,,-
10,10/15/14,12:04 PM,4:32 PM,04:28:00,03:17:00,ANT 345,Wrote a really bad exam 1,01:11:00,"12:43pm – 1:21pm Not good
1:57pm – 2:04pm Ok
2:22pm – 2:48pm Fuuuuuuuuuuuyuuyyuyyyk",,-
11,10/22/14,7:32 AM,8:05 AM,00:33:00,00:33:00,ANT 345,Read AAA 1947 and kymatruyayaya,00:00:00,,,-
12,10/22/14,1:31 PM,5:14 PM,03:43:00,03:43:00,ANT 345,Finished writing assignment and read 80% of readings due today,00:00:00,,"E Ravine Center Dr, Grand Valley State University, Allendale, MI 49401",-
13,10/26/14,3:34 PM,4:03 PM,00:29:00,00:29:00,ANT 345,Read genetic controversy,00:00:00,,"629 Ionia Ave SW, Grand Rapids, MI 49503",-
14,10/29/14,1:39 PM,4:30 PM,02:51:00,02:51:00,ANT 345,Read ch 22 annotated and wrote a response.,00:00:00,,"Grand Valley State University, 4100 Lake Michigan Dr, Allendale, MI 49401",-
15,11/4/14,9:42 PM,9:59 PM,00:17:00,00:17:00,ANT 345,,00:00:00,,,-
16,11/5/14,10:38 AM,10:53 AM,00:15:00,00:15:00,ANT 345,Read some death without weeping,00:00:00,,"Grand Valley State University, E Ravine Center Dr, Allendale, MI 49401",-
17,11/5/14,1:42 PM,3:46 PM,02:04:00,02:04:00,ANT 345,Readings,00:00:00,,"Grand Valley State University, 4100 Lake Michigan Dr, Allendale, MI 49401",-
18,11/19/14,3:01 PM,4:53 PM,01:52:00,01:37:00,ANT 345,Readings,00:15:00,3:55pm – 4:10pm,,-
19,11/29/14,5:36 PM,6:16 PM,00:40:00,00:40:00,ANT 345,Tried to start research paper,00:00:00,,"460 Lafayette Ave SE, Grand Rapids, MI 49503",-
20,11/30/14,1:43 PM,7:31 PM,05:48:00,02:46:00,ANT 345,,03:02:00,4:01pm – 4:50pm 5:18pm – 7:31pm,"450 Lafayette Ave SE, Grand Rapids, MI 49503",-
21,11/30/14,9:31 PM,11:05 PM,01:34:00,01:16:00,ANT 345,"Tried to work on research paper , only have an outline and one paragraph so far.",00:18:00,10:36pm – 10:54pm,"460 Lafayette Ave SE, Grand Rapids, MI 49503",-
22,12/1/14,1:14 PM,2:22 AM,13:08:00,09:13:00,ANT 345,Shitty paper,03:55:00,1:36pm – 4:08pm 5:45pm – 7:08pm,,-
23,12/3/14,4:24 PM,5:23 PM,00:59:00,00:44:00,ANT 345,Readings,00:15:00,4:54pm – 5:09pm,"Grand Valley State University, 4100 Lake Michigan Dr, Allendale, MI 49401",-
24,12/7/14,5:28 PM,6:14 PM,00:46:00,00:46:00,ANT 345,,00:00:00,,,-
25,12/8/14,8:57 PM,9:41 PM,00:44:00,00:44:00,ANT 345,,00:00:00,,,-
26,12/9/14,12:58 PM,1:19 PM,00:21:00,00:21:00,ANT 345,,00:00:00,,"460 Lafayette Ave SE, Grand Rapids, MI 49503",-
27,12/10/14,1:32 PM,5:25 PM,03:53:00,03:53:00,ANT 345,Finished final essay,00:00:00,,"11201-11237 40th Ave, Allendale, MI 49401",-
